{
	"format_version": "1.12.0",
	"minecraft:geometry": [
		{
			"description": {
				"identifier": "geometry.headless_skeleton",
				"texture_width": 64,
				"texture_height": 32,
				"visible_bounds_width": 2,
				"visible_bounds_height": 5.5,
				"visible_bounds_offset": [0, 2.25, 0]
			},
			"bones": [
				{
					"name": "headless_skeleton",
					"pivot": [0, 0, 0]
				},
				{
					"name": "head",
					"parent": "headless_skeleton",
					"pivot": [0, 24, 0],
					"cubes": [
						{"origin": [-4, 24, -4], "size": [8, 8, 8], "uv": [0, 0]},
						{"origin": [-4, 24, -4], "size": [8, 8, 8], "pivot": [0, 28, 0], "rotation": [0, -45, 0], "uv": [32, 0]}
					]
				},
				{
					"name": "body",
					"parent": "headless_skeleton",
					"pivot": [0, 12, 0],
					"cubes": [
						{"origin": [-4, 12, -2], "size": [8, 12, 4], "uv": [16, 16]}
					]
				},
				{
					"name": "left_arm",
					"parent": "body",
					"pivot": [4, 23, 0],
					"mirror": true,
					"cubes": [
						{"origin": [4, 12, -1], "size": [2, 12, 2], "uv": [40, 16]}
					]
				},
				{
					"name": "right_arm",
					"parent": "body",
					"pivot": [-4, 23, 0],
					"cubes": [
						{"origin": [-6, 12, -1], "size": [2, 12, 2], "uv": [40, 16]}
					]
				},
				{
					"name": "right_leg",
					"parent": "headless_skeleton",
					"pivot": [-2, 12, 0.1],
					"cubes": [
						{"origin": [-3, 0, -1], "size": [2, 12, 2], "uv": [0, 16]}
					]
				},
				{
					"name": "left_leg",
					"parent": "headless_skeleton",
					"pivot": [2, 12, 0.1],
					"mirror": true,
					"cubes": [
						{"origin": [1, 0, -1], "size": [2, 12, 2], "uv": [0, 16]}
					]
				}
			]
		}
	]
}