{
	"format_version": "1.12.0",
	"minecraft:geometry": [
		{
			"description": {
				"identifier": "geometry.npc_villager",
				"texture_width": 128,
				"texture_height": 128,
				"visible_bounds_width": 3,
				"visible_bounds_height": 3.5,
				"visible_bounds_offset": [0, 1.25, 0]
			},
			"bones": [
				{
					"name": "npc_villager",
					"pivot": [0, 0, 0]
				},
				{
					"name": "body",
					"parent": "npc_villager",
					"pivot": [0, 12, 1],
					"cubes": [
						{"origin": [-4, 12, -3], "size": [8, 12, 7], "inflate": -0.01, "uv": [16, 20]},
						{"origin": [-4, 8, -3], "size": [8, 16, 7], "inflate": 0.5, "uv": [0, 39]}
					]
				},
				{
					"name": "backpack",
					"parent": "body",
					"pivot": [-1.75, 22.5, 7.5],
					"cubes": [
						{"origin": [-4, 11, 2.5], "size": [8, 12, 8], "uv": [0, 108]},
						{"origin": [0, 20.5, 5.25], "size": [2, 4, 6], "pivot": [1, 22.5, 7.25], "rotation": [-67.68953, 0.94269, -162.14478], "uv": [0, 89]},
						{"origin": [1, 20.5, 11.25], "size": [0, 4, 4], "pivot": [1, 22.5, 7.25], "rotation": [-67.68953, 0.94269, -162.14478], "uv": [0, 81]},
						{"origin": [-2.75, 20.5, 2.5], "size": [2, 4, 6], "pivot": [-1.75, 22.5, 7.5], "rotation": [-84.91492, -0.64686, -14.98637], "uv": [16, 89]}
					]
				},
				{
					"name": "arms",
					"parent": "body",
					"pivot": [0, 21.05, -0.05],
					"rotation": [-43, 0, 0],
					"cubes": [
						{"origin": [-4, 13.63665, -2.09936], "size": [8, 4, 4], "uv": [50, 33]},
						{"origin": [-8, 13.63665, -2.09936], "size": [4, 9, 4], "uv": [50, 20]},
						{"origin": [4, 13.63665, -2.09936], "size": [4, 9, 4], "uv": [66, 20], "mirror": true}
					]
				},
				{
					"name": "head",
					"parent": "body",
					"pivot": [0, 24, -2],
					"cubes": [
						{"origin": [-4, 24, -6], "size": [8, 10, 8], "uv": [0, 0]},
						{"origin": [-4, 18, -6], "size": [8, 6, 3], "uv": [0, 99]},
						{"origin": [-4, 24, -6], "size": [8, 10, 8], "inflate": 0.2, "uv": [32, 0]},
						{"origin": [-7, 21.7, -13.65], "size": [14, 14, 1], "pivot": [0, 23.2, -7.5], "rotation": [-90, 0, 0], "uv": [31, 48]}
					]
				},
				{
					"name": "bobber",
					"parent": "head",
					"pivot": [-5, 32, -1],
					"cubes": [
						{"origin": [4, 29.2, -1], "size": [2, 3, 2], "uv": [24, 108]},
						{"origin": [5, 27.1, -0.5], "size": [0, 2, 2], "uv": [0, 111]}
					]
				},
				{
					"name": "bobber2",
					"parent": "head",
					"pivot": [-5, 32, -4],
					"cubes": [
						{"origin": [4, 29.2, -4], "size": [2, 3, 2], "uv": [0, 108]},
						{"origin": [5, 27.1, -3.5], "size": [0, 2, 2], "uv": [0, 111]}
					]
				},
				{
					"name": "pipe",
					"parent": "head",
					"pivot": [-0.85, 25.4, -6],
					"rotation": [17.5, 27.5, 0],
					"cubes": [
						{"origin": [-2.85, 24.4, -12], "size": [3, 3, 3], "uv": [0, 76]},
						{"origin": [-1.85, 24.4, -9], "size": [1, 1, 3], "uv": [0, 72]}
					]
				},
				{
					"name": "pipe_stick",
					"parent": "pipe",
					"pivot": [-1.85, 25.4, -10]
				},
				{
					"name": "nose",
					"parent": "head",
					"pivot": [0, 27, -6],
					"cubes": [
						{"origin": [-1, 23, -8], "size": [2, 4, 2], "uv": [24, 0]}
					]
				},
				{
					"name": "left_leg",
					"parent": "npc_villager",
					"pivot": [2, 12, 0],
					"cubes": [
						{"origin": [0, 0, -2], "size": [4, 12, 4], "uv": [0, 22]}
					]
				},
				{
					"name": "right_leg",
					"parent": "npc_villager",
					"pivot": [-2, 12, 0],
					"cubes": [
						{"origin": [-4, 0, -2], "size": [4, 12, 4], "uv": [0, 22]}
					]
				}
			]
		}
	]
}