{
	"format_version": "1.8.0",
	"animations": {
		"0": {
			"animation_length": 0.25,
			"bones": {
				"one": {
					"position": {
						"0.0": {
							"vector": [0, 0, 0]
						},
						"0.25": {
							"vector": [0, 0, 0]
						}
					}
				}
			}
		},
		"1": {
			"animation_length": 1,
			"bones": {
				"one": {
					"position": {
						"0.0": {
							"vector": [0, 0, 0]
						},
						"0.5": {
							"vector": [0, 16, 0],
							"easing": "easeInSine"
						},
						"0.5833": {
							"vector": [0, 17, 0]
						},
						"0.6667": {
							"vector": [0, 16, 0]
						}
					}
				}
			}
		},
		"2": {
			"loop": "hold_on_last_frame",
			"animation_length": 1.6667,
			"bones": {
				"one": {
					"position": {
						"0.0": {
							"vector": [0, 0, 0]
						},
						"1.0": {
							"vector": [0, 0, 0]
						},
						"1.6667": {
							"vector": [0, 0, 0]
						}
					},
					"scale": {
						"0.0": {
							"vector": [1, 1, 1]
						},
						"1.0": {
							"vector": [1, 1, 1]
						},
						"1.6667": {
							"vector": [0, 0, 0],
							"easing": "easeInSine"
						}
					}
				}
			}
		}
	},
	"geckolib_format_version": 2
}